{
    "w": 480,
    "h": 320,
    "fl_x": 465.6344771097915,
    "fl_y": 466.7279114758188,
    "cx": 224.63831279924915,
    "cy": 162.62473825912969,
    "k1": 0.0043376587697851665,
    "k2": -0.1447144395310865,
    "p1": 0.00233318940255389,
    "p2": 0.0001459691469013779,
    "camera_model": "OPENCV",
    "frames": [
        {
            "file_path": "images/frame_00001.jpg",
            "transform_matrix": [
                [
                    -0.18945260605848382,
                    -0.9211566652617074,
                    -0.3399678045073967,
                    0.3171139709006724
                ],
                [
                    0.8005621372760524,
                    -0.3453835306382754,
                    0.48970448346307627,
                    1.3268410060914475
                ],
                [
                    -0.5685138295746621,
                    -0.17938956159088523,
                    0.8028769586770952,
                    1.9739959956418922
                ],
                [
                    0.0,
                    0.0,
                    0.0,
                    1.0
                ]
            ],
            "colmap_im_id": 1
        },
        {
            "file_path": "images/frame_00002.jpg",
            "transform_matrix": [
                [
                    -0.16953564623625073,
                    -0.9196938832665912,
                    -0.35414802800139167,
                    0.2991065665788819
                ],
                [
                    0.8044386985001649,
                    -0.33673424075118624,
                    0.48937555257806126,
                    1.186922773873935
                ],
                [
                    -0.5693294696488296,
                    -0.2019237781632956,
                    0.7969258075891649,
                    1.9681508475846539
                ],
                [
                    0.0,
                    0.0,
                    0.0,
                    1.0
                ]
            ],
            "colmap_im_id": 2
        },
        {
            "file_path": "images/frame_00067.jpg",
            "transform_matrix": [
                [
                    0.2352242879470263,
                    -0.9241486933848265,
                    -0.301029445195868,
                    0.38299677483680394
                ],
                [
                    0.5991090513835416,
                    0.38174626635573716,
                    -0.7038026233780088,
                    -3.926408771994483
                ],
                [
                    0.7653351415622616,
                    -0.014797994410469046,
                    0.6434618407110871,
                    0.5119685458080667
                ],
                [
                    0.0,
                    0.0,
                    0.0,
                    1.0
                ]
            ],
            "colmap_im_id": 67
        },
        {
            "file_path": "images/frame_00003.jpg",
            "transform_matrix": [
                [
                    -0.13754728217480316,
                    -0.9251949085872382,
                    -0.3536878938988117,
                    0.37526491803053064
                ],
                [
                    0.8404365884030298,
                    -0.29798006507977387,
                    0.45263033668605346,
                    0.7893228831291458
                ],
                [
                    -0.52416322461596,
                    -0.2349941742667373,
                    0.8185540006749054,
                    2.147235518681752
                ],
                [
                    0.0,
                    0.0,
                    0.0,
                    1.0
                ]
            ],
            "colmap_im_id": 3
        },
        {
            "file_path": "images/frame_00068.jpg",
            "transform_matrix": [
                [
                    0.11800451235355118,
                    -0.9387470731538317,
                    -0.3237728643807498,
                    0.5257899948638926
                ],
                [
                    0.7874123747455096,
                    0.2871158695540021,
                    -0.5454779826426421,
                    -3.7053659558627197
                ],
                [
                    0.6050261871703058,
                    -0.19057389667885818,
                    0.7730620303331409,
                    1.075264143191968
                ],
                [
                    0.0,
                    0.0,
                    0.0,
                    1.0
                ]
            ],
            "colmap_im_id": 68
        },
        {
            "file_path": "images/frame_00004.jpg",
            "transform_matrix": [
                [
                    -0.1571514560476166,
                    -0.926576490259129,
                    -0.341700786597263,
                    0.27091656509324624
                ],
                [
                    0.829691592087038,
                    -0.31153790078994376,
                    0.46320189808707735,
                    0.6976963444845906
                ],
                [
                    -0.5356447347656748,
                    -0.21071341692087242,
                    0.817731358116674,
                    1.7207401683355703
                ],
                [
                    0.0,
                    0.0,
                    0.0,
                    1.0
                ]
            ],
            "colmap_im_id": 4
        },
        {
            "file_path": "images/frame_00069.jpg",
            "transform_matrix": [
                [
                    0.15013988965930686,
                    -0.9305623089342877,
                    -0.3339338298585192,
                    0.6345236677757141
                ],
                [
                    0.7668497959528686,
                    0.3227975224262051,
                    -0.5547460229353135,
                    -3.854025289808079
                ],
                [
                    0.6240187529074226,
                    -0.17278758261631808,
                    0.7620663011270569,
                    1.455448358188105
                ],
                [
                    0.0,
                    0.0,
                    0.0,
                    1.0
                ]
            ],
            "colmap_im_id": 69
        },
        {
            "file_path": "images/frame_00005.jpg",
            "transform_matrix": [
                [
                    -0.15598286530631017,
                    -0.9853586159914436,
                    -0.06883126921872199,
                    1.5083474665799976
                ],
                [
                    0.8258489787933507,
                    -0.16832655914611955,
                    0.53818178500578,
                    0.4766878643881878
                ],
                [
                    -0.5418881895343477,
                    0.027102903487534403,
                    0.8400134657645271,
                    1.217393452151521
                ],
                [
                    0.0,
                    0.0,
                    0.0,
                    1.0
                ]
            ],
            "colmap_im_id": 5
        },
        {
            "file_path": "images/frame_00070.jpg",
            "transform_matrix": [
                [
                    0.08234890618379076,
                    -0.9452839836595095,
                    -0.31568472862516095,
                    0.7974034563835115
                ],
                [
                    0.844790297887402,
                    0.23425946767847017,
                    -0.4810944339714547,
                    -3.8888392489117902
                ],
                [
                    0.528722999542906,
                    -0.22706979552509415,
                    0.8178577490704261,
                    1.9770341097934465
                ],
                [
                    0.0,
                    0.0,
                    0.0,
                    1.0
                ]
            ],
            "colmap_im_id": 70
        },
        {
            "file_path": "images/frame_00006.jpg",
            "transform_matrix": [
                [
                    -0.12834244240201315,
                    -0.9751840900894583,
                    -0.18040013280117417,
                    0.8020305199242717
                ],
                [
                    0.8431212079403179,
                    -0.20306971057682108,
                    0.49790493205782305,
                    0.4166150075576377
                ],
                [
                    -0.5221827708758162,
                    -0.08819684281561034,
                    0.8482608506337029,
                    1.342626098450418
                ],
                [
                    0.0,
                    0.0,
                    0.0,
                    1.0
                ]
            ],
            "colmap_im_id": 6
        },
        {
            "file_path": "images/frame_00071.jpg",
            "transform_matrix": [
                [
                    0.05759644870912056,
                    -0.9365463949914766,
                    -0.34577955278553807,
                    0.9425700882516278
                ],
                [
                    0.8941939305267893,
                    0.20241792314561352,
                    -0.3993046443487323,
                    -4.039575108880549
                ],
                [
                    0.4439593041092267,
                    -0.2861954479335504,
                    0.8491126555863865,
                    2.3636430745397328
                ],
                [
                    0.0,
                    0.0,
                    0.0,
                    1.0
                ]
            ],
            "colmap_im_id": 71
        },
        {
            "file_path": "images/frame_00007.jpg",
            "transform_matrix": [
                [
                    -0.09477986685187781,
                    -0.928379988862438,
                    -0.35934297421727884,
                    0.1614323776684825
                ],
                [
                    0.8675386328400009,
                    -0.25406979948739933,
                    0.4275807029304933,
                    0.48872095821186523
                ],
                [
                    -0.4882555656309945,
                    -0.2712178704809334,
                    0.8294862080602339,
                    1.032945477669857
                ],
                [
                    0.0,
                    0.0,
                    0.0,
                    1.0
                ]
            ],
            "colmap_im_id": 7
        },
        {
            "file_path": "images/frame_00072.jpg",
            "transform_matrix": [
                [
                    0.09196876129378875,
                    -0.9419283447744794,
                    -0.3229748291376516,
                    0.9725603093336656
                ],
                [
                    0.8425374713147675,
                    0.24648397532237862,
                    -0.478932416254939,
                    -4.429869719218126
                ],
                [
                    0.5307281379167711,
                    -0.22807157477354817,
                    0.8162787516551626,
                    2.5244748270707
                ],
                [
                    0.0,
                    0.0,
                    0.0,
                    1.0
                ]
            ],
            "colmap_im_id": 72
        },
        {
            "file_path": "images/frame_00008.jpg",
            "transform_matrix": [
                [
                    -0.1944186234320917,
                    -0.8501567139248364,
                    -0.48932091783541665,
                    0.02232961781328232
                ],
                [
                    0.7417121897235186,
                    -0.45385606686237073,
                    0.49383974950155884,
                    0.5984536665829463
                ],
                [
                    -0.641922445843977,
                    -0.26692364515108663,
                    0.7188096696490271,
                    0.536919051491142
                ],
                [
                    0.0,
                    0.0,
                    0.0,
                    1.0
                ]
            ],
            "colmap_im_id": 8
        },
        {
            "file_path": "images/frame_00073.jpg",
            "transform_matrix": [
                [
                    0.177875398359434,
                    -0.9346126063982637,
                    -0.30799288728786717,
                    0.9649092327511415
                ],
                [
                    0.7111746369952437,
                    0.33841466874498427,
                    -0.6162030084906319,
                    -4.346615818373593
                ],
                [
                    0.6801404107632157,
                    -0.10942937420851316,
                    0.7248684251001535,
                    2.6472571374945244
                ],
                [
                    0.0,
                    0.0,
                    0.0,
                    1.0
                ]
            ],
            "colmap_im_id": 73
        },
        {
            "file_path": "images/frame_00009.jpg",
            "transform_matrix": [
                [
                    -0.24076387139674493,
                    -0.8087423357846909,
                    -0.5366270516285722,
                    -0.19311666766703306
                ],
                [
                    0.4389833879792449,
                    -0.5838448345062174,
                    0.6829486029699975,
                    0.5483410142671101
                ],
                [
                    -0.8656363805364902,
                    -0.07114101158916863,
                    0.4955931932157204,
                    -0.23030592966615662
                ],
                [
                    0.0,
                    0.0,
                    0.0,
                    1.0
                ]
            ],
            "colmap_im_id": 9
        },
        {
            "file_path": "images/frame_00074.jpg",
            "transform_matrix": [
                [
                    0.12167149435844805,
                    -0.9390457499350473,
                    -0.3215417966447074,
                    1.05750859003357
                ],
                [
                    0.8094638805029422,
                    0.281352201534728,
                    -0.5153728406238341,
                    -4.061710507544487
                ],
                [
                    0.5744251679911843,
                    -0.1975702867854527,
                    0.794356159513989,
                    2.9630840528119653
                ],
                [
                    0.0,
                    0.0,
                    0.0,
                    1.0
                ]
            ],
            "colmap_im_id": 74
        },
        {
            "file_path": "images/frame_00010.jpg",
            "transform_matrix": [
                [
                    -0.23780516044212313,
                    -0.7419705331715821,
                    -0.6268400382650859,
                    -0.31595956896650423
                ],
                [
                    0.30944625491273764,
                    -0.6695995074260377,
                    0.6751885032902208,
                    0.9323788723810076
                ],
                [
                    -0.9207017546347878,
                    -0.033409991916879954,
                    0.3888342210409688,
                    -0.8109509386798123
                ],
                [
                    0.0,
                    0.0,
                    0.0,
                    1.0
                ]
            ],
            "colmap_im_id": 10
        },
        {
            "file_path": "images/frame_00075.jpg",
            "transform_matrix": [
                [
                    0.09200865284581142,
                    -0.9389727365359551,
                    -0.33145830483437644,
                    0.9578938775262293
                ],
                [
                    0.8731193278284087,
                    0.2361148891309465,
                    -0.426511897258621,
                    -3.6561380599725126
                ],
                [
                    0.4787452842315698,
                    -0.25015986723065775,
                    0.8415598574392513,
                    2.8525272734081595
                ],
                [
                    0.0,
                    0.0,
                    0.0,
                    1.0
                ]
            ],
            "colmap_im_id": 75
        },
        {
            "file_path": "images/frame_00011.jpg",
            "transform_matrix": [
                [
                    -0.25874247816922186,
                    -0.6809559660152187,
                    -0.6850921852854038,
                    -0.5236523577013937
                ],
                [
                    0.0010618746004376885,
                    -0.7094446487394127,
                    0.7047603584179121,
                    1.1248708880637337
                ],
                [
                    -0.9659457554196209,
                    0.18162395966196698,
                    0.184286556383057,
                    -1.4785834014519528
                ],
                [
                    0.0,
                    0.0,
                    0.0,
                    1.0
                ]
            ],
            "colmap_im_id": 11
        },
        {
            "file_path": "images/frame_00076.jpg",
            "transform_matrix": [
                [
                    0.0647704164539083,
                    -0.9978483542388344,
                    -0.010171287786577212,
                    1.7456547086335628
                ],
                [
                    0.9675254007718456,
                    0.06529129382003705,
                    -0.24419591686304912,
                    -3.2043023194431286
                ],
                [
                    0.24433459029303833,
                    0.0059756919394897716,
                    0.9696725731359928,
                    2.5676513576405045
                ],
                [
                    0.0,
                    0.0,
                    0.0,
                    1.0
                ]
            ],
            "colmap_im_id": 76
        },
        {
            "file_path": "images/frame_00012.jpg",
            "transform_matrix": [
                [
                    -0.21353613195955187,
                    -0.7363455801660052,
                    -0.6420260951999865,
                    -0.7178594253923096
                ],
                [
                    -0.07251906659868644,
                    -0.6434233909145052,
                    0.7620677955429785,
                    1.6144810344455232
                ],
                [
                    -0.9742398602640974,
                    0.20928814250709288,
                    0.08399504794047526,
                    -1.7937762068436862
                ],
                [
                    0.0,
                    0.0,
                    0.0,
                    1.0
                ]
            ],
            "colmap_im_id": 12
        },
        {
            "file_path": "images/frame_00077.jpg",
            "transform_matrix": [
                [
                    0.04365129062195558,
                    -0.9990462697581678,
                    -0.001056271427085775,
                    1.7917482300773246
                ],
                [
                    0.9636803825152931,
                    0.04238482678330027,
                    -0.26367337145363745,
                    -3.1625933610653982
                ],
                [
                    0.26346666806678953,
                    0.01049177491369958,
                    0.964611443782907,
                    2.6907340345836332
                ],
                [
                    0.0,
                    0.0,
                    0.0,
                    1.0
                ]
            ],
            "colmap_im_id": 77
        },
        {
            "file_path": "images/frame_00013.jpg",
            "transform_matrix": [
                [
                    -0.202414438466998,
                    -0.7180163375073265,
                    -0.6659436418892027,
                    -0.8618430522483321
                ],
                [
                    -0.2663737081507968,
                    -0.6140127973306325,
                    0.7429894563990835,
                    2.188248323457114
                ],
                [
                    -0.9423764867111678,
                    0.3277816709133937,
                    -0.06697561875144994,
                    -2.5494611524613213
                ],
                [
                    0.0,
                    0.0,
                    0.0,
                    1.0
                ]
            ],
            "colmap_im_id": 13
        },
        {
            "file_path": "images/frame_00078.jpg",
            "transform_matrix": [
                [
                    0.019483582932347476,
                    -0.9995704911420524,
                    -0.02189116794861207,
                    1.5753123378043288
                ],
                [
                    0.9969037121008081,
                    0.021090587107225774,
                    -0.07575074874284657,
                    -2.593416960445059
                ],
                [
                    0.07617991070976447,
                    -0.020347490594874937,
                    0.9968864533289353,
                    2.3759806670016426
                ],
                [
                    0.0,
                    0.0,
                    0.0,
                    1.0
                ]
            ],
            "colmap_im_id": 78
        },
        {
            "file_path": "images/frame_00014.jpg",
            "transform_matrix": [
                [
                    -0.16637203114370314,
                    -0.6769465938841275,
                    -0.7169823263385205,
                    -0.9801767137734175
                ],
                [
                    -0.3360883097708467,
                    -0.6446482367736381,
                    0.6866391329221013,
                    2.569641157425412
                ],
                [
                    -0.9270194147311557,
                    0.35520692540168386,
                    -0.12026240001841142,
                    -2.6542808260314565
                ],
                [
                    0.0,
                    0.0,
                    0.0,
                    1.0
                ]
            ],
            "colmap_im_id": 14
        },
        {
            "file_path": "images/frame_00079.jpg",
            "transform_matrix": [
                [
                    0.017442408414881146,
                    -0.9998165509809425,
                    0.007913707933765758,
                    1.6606440571338705
                ],
                [
                    0.9988472942277163,
                    0.0170704017225048,
                    -0.04486294906715739,
                    -2.132802018514586
                ],
                [
                    0.04471962882961503,
                    0.00868710363727571,
                    0.9989618055900519,
                    2.53977960034959
                ],
                [
                    0.0,
                    0.0,
                    0.0,
                    1.0
                ]
            ],
            "colmap_im_id": 79
        },
        {
            "file_path": "images/frame_00015.jpg",
            "transform_matrix": [
                [
                    -0.1911139787684912,
                    -0.7776837165536318,
                    -0.5989018985832381,
                    -1.1928152326649784
                ],
                [
                    -0.13368447188164811,
                    -0.5838406869412982,
                    0.8007861851016399,
                    3.0238756760950234
                ],
                [
                    -0.9724216724739333,
                    0.2331053179986325,
                    0.007615879709850979,
                    -3.0731277885494026
                ],
                [
                    0.0,
                    0.0,
                    0.0,
                    1.0
                ]
            ],
            "colmap_im_id": 15
        },
        {
            "file_path": "images/frame_00080.jpg",
            "transform_matrix": [
                [
                    -0.041202992748353484,
                    -0.9991015143714105,
                    0.009923576438655754,
                    1.7206313192956728
                ],
                [
                    0.9990931280582351,
                    -0.04130529073637708,
                    -0.01033413876402282,
                    -1.979668120919569
                ],
                [
                    0.010734749898802829,
                    0.009488779581067069,
                    0.9998973588357318,
                    2.6070420015570894
                ],
                [
                    0.0,
                    0.0,
                    0.0,
                    1.0
                ]
            ],
            "colmap_im_id": 80
        },
        {
            "file_path": "images/frame_00016.jpg",
            "transform_matrix": [
                [
                    -0.1934537538815471,
                    -0.8045037162766161,
                    -0.5615598059033887,
                    -1.2409998868061978
                ],
                [
                    -0.1278692531131659,
                    -0.5468156461872961,
                    0.8274310262451188,
                    3.4359619194968896
                ],
                [
                    -0.9727410237146464,
                    0.2318758710644201,
                    0.0029122501090391314,
                    -2.982907403042383
                ],
                [
                    0.0,
                    0.0,
                    0.0,
                    1.0
                ]
            ],
            "colmap_im_id": 16
        },
        {
            "file_path": "images/frame_00081.jpg",
            "transform_matrix": [
                [
                    -0.027436023646334122,
                    -0.9988431619451358,
                    -0.039491802211612366,
                    1.7513423435679532
                ],
                [
                    0.9993589182476643,
                    -0.026498336305765674,
                    -0.02407468986061284,
                    -1.8274493752447003
                ],
                [
                    0.023000372286898944,
                    -0.04012699849814159,
                    0.9989298308020409,
                    2.5932015377083175
                ],
                [
                    0.0,
                    0.0,
                    0.0,
                    1.0
                ]
            ],
            "colmap_im_id": 81
        },
        {
            "file_path": "images/frame_00017.jpg",
            "transform_matrix": [
                [
                    -0.20315653818711227,
                    -0.775901024777566,
                    -0.5972478721108608,
                    -1.2750815147697268
                ],
                [
                    -0.16474672020742728,
                    -0.5741850571994799,
                    0.8019788265719522,
                    3.5627637842728954
                ],
                [
                    -0.9651869969973299,
                    0.2613218701868497,
                    -0.011177700538270335,
                    -3.111008465369573
                ],
                [
                    0.0,
                    0.0,
                    0.0,
                    1.0
                ]
            ],
            "colmap_im_id": 17
        },
        {
            "file_path": "images/frame_00082.jpg",
            "transform_matrix": [
                [
                    -0.02071520095776915,
                    -0.9993824317047044,
                    -0.028383721554282492,
                    1.7210966225947417
                ],
                [
                    0.9996897904125825,
                    -0.02031222254931665,
                    -0.014413069067817252,
                    -1.844219306403174
                ],
                [
                    0.013827631544334642,
                    -0.028673486273887806,
                    0.9994931854649012,
                    2.58438635160564
                ],
                [
                    0.0,
                    0.0,
                    0.0,
                    1.0
                ]
            ],
            "colmap_im_id": 82
        },
        {
            "file_path": "images/frame_00018.jpg",
            "transform_matrix": [
                [
                    -0.15657037809256458,
                    -0.7891588729846968,
                    -0.5938972890100398,
                    -1.1219342809996955
                ],
                [
                    -0.10598906867169086,
                    -0.5844160223561691,
                    0.8045024736664893,
                    3.6003284799556687
                ],
                [
                    -0.981963356763407,
                    0.18890787702718218,
                    0.007860023602008999,
                    -2.583226550439573
                ],
                [
                    0.0,
                    0.0,
                    0.0,
                    1.0
                ]
            ],
            "colmap_im_id": 18
        },
        {
            "file_path": "images/frame_00083.jpg",
            "transform_matrix": [
                [
                    -0.01960365117883777,
                    -0.9940361279771751,
                    -0.10727475535559909,
                    1.6665707263922056
                ],
                [
                    0.9970257213607892,
                    -0.011437492138979872,
                    -0.07621610537523667,
                    -2.187652664474129
                ],
                [
                    0.07453460810560998,
                    -0.10844980428620402,
                    0.9913038041613818,
                    2.51826604131422
                ],
                [
                    0.0,
                    0.0,
                    0.0,
                    1.0
                ]
            ],
            "colmap_im_id": 83
        },
        {
            "file_path": "images/frame_00019.jpg",
            "transform_matrix": [
                [
                    -0.19052339809067653,
                    -0.7852997219769735,
                    -0.5890714569921632,
                    -1.0803126622633779
                ],
                [
                    -0.14896603289533372,
                    -0.5699865330247089,
                    0.8080374206767273,
                    3.440685722971148
                ],
                [
                    -0.9703143592792016,
                    0.24170167321175237,
                    -0.008387213078927007,
                    -2.4833329848735612
                ],
                [
                    0.0,
                    0.0,
                    0.0,
                    1.0
                ]
            ],
            "colmap_im_id": 19
        },
        {
            "file_path": "images/frame_00084.jpg",
            "transform_matrix": [
                [
                    0.059307594137044894,
                    -0.9934759832909548,
                    -0.09740677544065612,
                    1.6488106391246393
                ],
                [
                    0.9927170073540001,
                    0.06894811239163376,
                    -0.09878816279164508,
                    -2.728273427330107
                ],
                [
                    0.10485968046772547,
                    -0.09083847434706005,
                    0.9903296516769076,
                    2.4937357401765894
                ],
                [
                    0.0,
                    0.0,
                    0.0,
                    1.0
                ]
            ],
            "colmap_im_id": 84
        },
        {
            "file_path": "images/frame_00020.jpg",
            "transform_matrix": [
                [
                    -0.15950333270406244,
                    -0.8372494573566768,
                    -0.5230411389290973,
                    -0.9501752694243735
                ],
                [
                    0.1096480324748871,
                    -0.5415711328180429,
                    0.8334734651280552,
                    3.3798618850180504
                ],
                [
                    -0.9810891885199241,
                    0.0755913636213284,
                    0.17818515627061876,
                    -1.948710753950696
                ],
                [
                    0.0,
                    0.0,
                    0.0,
                    1.0
                ]
            ],
            "colmap_im_id": 20
        },
        {
            "file_path": "images/frame_00085.jpg",
            "transform_matrix": [
                [
                    0.05726745307642447,
                    -0.9958365320529265,
                    -0.07092277664432016,
                    1.6439595546461596
                ],
                [
                    0.9643016080075709,
                    0.07357082065479907,
                    -0.25438109824079397,
                    -3.1492757900535757
                ],
                [
                    0.2585398375727667,
                    -0.05382318995544574,
                    0.9644999826909628,
                    2.3434635228235403
                ],
                [
                    0.0,
                    0.0,
                    0.0,
                    1.0
                ]
            ],
            "colmap_im_id": 85
        },
        {
            "file_path": "images/frame_00021.jpg",
            "transform_matrix": [
                [
                    -0.21471003449830797,
                    -0.8288730895618347,
                    -0.5165936531607354,
                    -0.953098265720781
                ],
                [
                    0.06936375969984178,
                    -0.5405348971618863,
                    0.8384573297374719,
                    3.5560266328571095
                ],
                [
                    -0.9742116145509855,
                    0.144192324172987,
                    0.17355202022320046,
                    -1.8463886308682074
                ],
                [
                    0.0,
                    0.0,
                    0.0,
                    1.0
                ]
            ],
            "colmap_im_id": 21
        },
        {
            "file_path": "images/frame_00086.jpg",
            "transform_matrix": [
                [
                    0.0733020206426782,
                    -0.9563707487219028,
                    -0.28281054569942615,
                    0.7977085510694458
                ],
                [
                    0.9475433911173136,
                    0.1552453477734823,
                    -0.27939292035517316,
                    -3.3384664765743612
                ],
                [
                    0.31110823794879156,
                    -0.24749519790047922,
                    0.9175825800965276,
                    2.198416266498913
                ],
                [
                    0.0,
                    0.0,
                    0.0,
                    1.0
                ]
            ],
            "colmap_im_id": 86
        },
        {
            "file_path": "images/frame_00022.jpg",
            "transform_matrix": [
                [
                    -0.18491593133260087,
                    -0.8648084426175524,
                    -0.46681094237046356,
                    -0.9480295567482943
                ],
                [
                    0.19196979394001762,
                    -0.4976382618445844,
                    0.8458745524975486,
                    3.6832537930310276
                ],
                [
                    -0.963822440366494,
                    0.06680208024982785,
                    0.25803834118260716,
                    -1.6938829151616521
                ],
                [
                    0.0,
                    0.0,
                    0.0,
                    1.0
                ]
            ],
            "colmap_im_id": 22
        },
        {
            "file_path": "images/frame_00087.jpg",
            "transform_matrix": [
                [
                    0.12343139180059055,
                    -0.9780970812921174,
                    -0.1676030760040229,
                    0.6766250047958456
                ],
                [
                    0.8652259775704858,
                    0.18877996085246004,
                    -0.46448480504505285,
                    -3.7635923322711595
                ],
                [
                    0.4859513342458957,
                    -0.08768252932246431,
                    0.8695763766318915,
                    1.967529482355674
                ],
                [
                    0.0,
                    0.0,
                    0.0,
                    1.0
                ]
            ],
            "colmap_im_id": 87
        },
        {
            "file_path": "images/frame_00023.jpg",
            "transform_matrix": [
                [
                    -0.19077213108343033,
                    -0.8526994887326587,
                    -0.4863225019644363,
                    -1.0917316716805086
                ],
                [
                    0.14820909390108689,
                    -0.5147619238816412,
                    0.8444253822610321,
                    3.8209846194252157
                ],
                [
                    -0.9703813984650084,
                    0.08901541235501872,
                    0.22458004781449464,
                    -2.280210348503958
                ],
                [
                    0.0,
                    0.0,
                    0.0,
                    1.0
                ]
            ],
            "colmap_im_id": 23
        },
        {
            "file_path": "images/frame_00088.jpg",
            "transform_matrix": [
                [
                    0.1111774550567557,
                    -0.9796388819600953,
                    -0.16717426368636404,
                    0.5034485703608524
                ],
                [
                    0.8306664393472921,
                    0.1839478279997039,
                    -0.525505911590234,
                    -3.4628939480346697
                ],
                [
                    0.5455573663962339,
                    -0.0804416404989746,
                    0.8342039933041794,
                    1.3452289750908528
                ],
                [
                    0.0,
                    0.0,
                    0.0,
                    1.0
                ]
            ],
            "colmap_im_id": 88
        },
        {
            "file_path": "images/frame_00024.jpg",
            "transform_matrix": [
                [
                    -0.23368913578254139,
                    -0.8197703607842917,
                    -0.5228440909074149,
                    -1.2229792016031165
                ],
                [
                    -0.03607248919267746,
                    -0.5300533546803962,
                    0.8471966812467467,
                    3.9604612807893083
                ],
                [
                    -0.9716419934011976,
                    0.21684094809710253,
                    0.09429655289403013,
                    -2.737012793668142
                ],
                [
                    0.0,
                    0.0,
                    0.0,
                    1.0
                ]
            ],
            "colmap_im_id": 24
        },
        {
            "file_path": "images/frame_00089.jpg",
            "transform_matrix": [
                [
                    0.03423444904241072,
                    -0.9741342113487695,
                    -0.22336190538825876,
                    0.3435267346602832
                ],
                [
                    0.938912448864695,
                    0.10792832736625724,
                    -0.32679487376460337,
                    -2.810330994352548
                ],
                [
                    0.3424491434733976,
                    -0.19852963111795902,
                    0.9183216047238045,
                    0.8731480457580391
                ],
                [
                    0.0,
                    0.0,
                    0.0,
                    1.0
                ]
            ],
            "colmap_im_id": 89
        },
        {
            "file_path": "images/frame_00025.jpg",
            "transform_matrix": [
                [
                    -0.22759984170364272,
                    -0.8175558488237925,
                    -0.528961951477122,
                    -1.3436451374232865
                ],
                [
                    -0.0908206571017413,
                    -0.5230282158293172,
                    0.8474627388210109,
                    3.8316103172453118
                ],
                [
                    -0.9695101445060205,
                    0.24092305722036922,
                    0.0447901797217427,
                    -3.3014294999210128
                ],
                [
                    0.0,
                    0.0,
                    0.0,
                    1.0
                ]
            ],
            "colmap_im_id": 25
        },
        {
            "file_path": "images/frame_00090.jpg",
            "transform_matrix": [
                [
                    -0.0662680904935429,
                    -0.9505361944032518,
                    -0.3034624907821774,
                    0.4305024502762271
                ],
                [
                    0.9968480402530442,
                    -0.04977384657313978,
                    -0.06177822303189591,
                    -2.576681528816892
                ],
                [
                    0.043617941560838716,
                    -0.306599914100929,
                    0.9508385603493889,
                    1.105145059733829
                ],
                [
                    0.0,
                    0.0,
                    0.0,
                    1.0
                ]
            ],
            "colmap_im_id": 90
        },
        {
            "file_path": "images/frame_00026.jpg",
            "transform_matrix": [
                [
                    -0.21740488083891105,
                    -0.8046299269796757,
                    -0.5525448383580294,
                    -1.467646164553274
                ],
                [
                    -0.18065649153429988,
                    -0.5231342722787191,
                    0.8328828040210291,
                    3.6675710678206492
                ],
                [
                    -0.9592175716978582,
                    0.28089359867411856,
                    -0.03162967546414261,
                    -3.719157472741069
                ],
                [
                    0.0,
                    0.0,
                    0.0,
                    1.0
                ]
            ],
            "colmap_im_id": 26
        },
        {
            "file_path": "images/frame_00091.jpg",
            "transform_matrix": [
                [
                    -0.190105948030602,
                    -0.9120601271756514,
                    -0.363326372480337,
                    0.45465528329036237
                ],
                [
                    0.9252612325562786,
                    -0.2901801528929728,
                    0.24430949714541822,
                    -0.8762391356984878
                ],
                [
                    -0.328255053353063,
                    -0.2897271186536488,
                    0.899058850501363,
                    1.661661869333399
                ],
                [
                    0.0,
                    0.0,
                    0.0,
                    1.0
                ]
            ],
            "colmap_im_id": 91
        },
        {
            "file_path": "images/frame_00027.jpg",
            "transform_matrix": [
                [
                    -0.22063036891788237,
                    -0.7801372642139348,
                    -0.5854127512242592,
                    -1.5538566977344648
                ],
                [
                    -0.3612853923985927,
                    -0.4921419538719202,
                    0.7920032591337762,
                    3.2841077083344326
                ],
                [
                    -0.9059774310381875,
                    0.3862410467880463,
                    -0.17327073678356678,
                    -4.247655225584859
                ],
                [
                    0.0,
                    0.0,
                    0.0,
                    1.0
                ]
            ],
            "colmap_im_id": 27
        },
        {
            "file_path": "images/frame_00092.jpg",
            "transform_matrix": [
                [
                    -0.14650175398114715,
                    -0.9154622007057628,
                    -0.37478820040045174,
                    0.42067042787035847
                ],
                [
                    0.8847065904914655,
                    -0.29074877010207045,
                    0.3643616355011867,
                    -0.65144759139656
                ],
                [
                    -0.44252851300386703,
                    -0.2781979722483525,
                    0.8525106470980237,
                    1.8363683322501605
                ],
                [
                    0.0,
                    0.0,
                    0.0,
                    1.0
                ]
            ],
            "colmap_im_id": 92
        },
        {
            "file_path": "images/frame_00028.jpg",
            "transform_matrix": [
                [
                    -0.14435618696912955,
                    -0.7802396156659963,
                    -0.608594638021986,
                    -1.6018933201395285
                ],
                [
                    -0.5519235472416841,
                    -0.44699199345395246,
                    0.7039734055972701,
                    2.8165588072465546
                ],
                [
                    -0.8213048698771305,
                    0.4375206280090574,
                    -0.36610655659612235,
                    -4.707833981232809
                ],
                [
                    0.0,
                    0.0,
                    0.0,
                    1.0
                ]
            ],
            "colmap_im_id": 28
        },
        {
            "file_path": "images/frame_00093.jpg",
            "transform_matrix": [
                [
                    -0.2327843678187589,
                    -0.871842738777906,
                    -0.4309311742488133,
                    0.5039165990051014
                ],
                [
                    0.6673238029948674,
                    -0.4655241001789575,
                    0.5813486510769932,
                    -0.5256720936698361
                ],
                [
                    -0.7074534472710472,
                    -0.15224175180551586,
                    0.6901681454192881,
                    2.297285882298778
                ],
                [
                    0.0,
                    0.0,
                    0.0,
                    1.0
                ]
            ],
            "colmap_im_id": 93
        },
        {
            "file_path": "images/frame_00029.jpg",
            "transform_matrix": [
                [
                    -0.11512375050024512,
                    -0.8114381422588387,
                    -0.5729874897048644,
                    -1.5633749231547285
                ],
                [
                    -0.4660729505167839,
                    -0.46526638652973873,
                    0.7525311916207454,
                    2.390692375803476
                ],
                [
                    -0.8772243309822959,
                    0.35368818308375044,
                    -0.3246261577254344,
                    -4.6765713760875975
                ],
                [
                    0.0,
                    0.0,
                    0.0,
                    1.0
                ]
            ],
            "colmap_im_id": 29
        },
        {
            "file_path": "images/frame_00094.jpg",
            "transform_matrix": [
                [
                    -0.09571308300501143,
                    -0.9521241756262852,
                    -0.2903421428756813,
                    0.6257308884291247
                ],
                [
                    0.9301349418652933,
                    -0.18943283531194627,
                    0.31458574479293316,
                    -0.8699423943969982
                ],
                [
                    -0.3545250282602389,
                    -0.23994740068115714,
                    0.9037351654347822,
                    2.6283292626012438
                ],
                [
                    0.0,
                    0.0,
                    0.0,
                    1.0
                ]
            ],
            "colmap_im_id": 94
        },
        {
            "file_path": "images/frame_00030.jpg",
            "transform_matrix": [
                [
                    -0.07186107381605233,
                    -0.8085154950407895,
                    -0.5840707836803269,
                    -1.4493875017640898
                ],
                [
                    -0.5130625979833384,
                    -0.47220696090240144,
                    0.7167896181069491,
                    1.9066831566640654
                ],
                [
                    -0.8553378026374093,
                    0.3511741453385563,
                    -0.3808857611215512,
                    -4.413223548108803
                ],
                [
                    0.0,
                    0.0,
                    0.0,
                    1.0
                ]
            ],
            "colmap_im_id": 30
        },
        {
            "file_path": "images/frame_00095.jpg",
            "transform_matrix": [
                [
                    -0.08068144397749982,
                    -0.9592871510748286,
                    -0.2706633820457512,
                    0.6285902941627561
                ],
                [
                    0.978236338025713,
                    -0.12828877910920372,
                    0.16308174674289236,
                    -0.9669821394805757
                ],
                [
                    -0.19116529905751334,
                    -0.25161508487650064,
                    0.9487600737272004,
                    2.68626793122793
                ],
                [
                    0.0,
                    0.0,
                    0.0,
                    1.0
                ]
            ],
            "colmap_im_id": 95
        },
        {
            "file_path": "images/frame_00031.jpg",
            "transform_matrix": [
                [
                    -0.09692612077421016,
                    -0.78766120598836,
                    -0.6084366455865602,
                    -0.881288847239799
                ],
                [
                    -0.4239242019563646,
                    -0.5204196545796689,
                    0.7412500618029234,
                    0.14543446650903505
                ],
                [
                    -0.9004963065484071,
                    0.32977751243549086,
                    -0.2834663898675416,
                    -2.8978891064985755
                ],
                [
                    0.0,
                    0.0,
                    0.0,
                    1.0
                ]
            ],
            "colmap_im_id": 31
        },
        {
            "file_path": "images/frame_00096.jpg",
            "transform_matrix": [
                [
                    -0.05393574625528784,
                    -0.9483161302388926,
                    -0.3127098533858776,
                    0.634713715488511
                ],
                [
                    0.9969514687782776,
                    -0.068823002959022,
                    0.036758171398180224,
                    -0.90800414506795
                ],
                [
                    -0.05637999801987179,
                    -0.3097739682291498,
                    0.9491371789319207,
                    2.6596816981011138
                ],
                [
                    0.0,
                    0.0,
                    0.0,
                    1.0
                ]
            ],
            "colmap_im_id": 96
        },
        {
            "file_path": "images/frame_00032.jpg",
            "transform_matrix": [
                [
                    -0.10210598446543222,
                    -0.7093234431721689,
                    -0.6974486510867477,
                    -0.7590744098753438
                ],
                [
                    -0.46579598471840056,
                    -0.5854119289347139,
                    0.6635713782865813,
                    -0.302618487386665
                ],
                [
                    -0.8789814950023468,
                    0.39262339006650704,
                    -0.27062595037454007,
                    -2.8573866765381823
                ],
                [
                    0.0,
                    0.0,
                    0.0,
                    1.0
                ]
            ],
            "colmap_im_id": 32
        },
        {
            "file_path": "images/frame_00097.jpg",
            "transform_matrix": [
                [
                    -0.12382692429580512,
                    -0.9492087829051229,
                    -0.2892569433483257,
                    0.6480027351532556
                ],
                [
                    0.9614980029390517,
                    -0.1868414241230111,
                    0.2015238759450124,
                    -0.34717268520330474
                ],
                [
                    -0.2453334122447584,
                    -0.2531658916352293,
                    0.9357983480156836,
                    2.7396890050912766
                ],
                [
                    0.0,
                    0.0,
                    0.0,
                    1.0
                ]
            ],
            "colmap_im_id": 97
        },
        {
            "file_path": "images/frame_00033.jpg",
            "transform_matrix": [
                [
                    -0.12056930262278572,
                    -0.6372930258037354,
                    -0.7611311598712635,
                    -0.5888131665684433
                ],
                [
                    -0.5643280713080762,
                    -0.5867830913344249,
                    0.5807059769433429,
                    -1.0135968237437376
                ],
                [
                    -0.8166987640487534,
                    0.49954299413157144,
                    -0.288894315996876,
                    -2.6361919743507354
                ],
                [
                    0.0,
                    0.0,
                    0.0,
                    1.0
                ]
            ],
            "colmap_im_id": 33
        },
        {
            "file_path": "images/frame_00098.jpg",
            "transform_matrix": [
                [
                    -0.06993852256406467,
                    -0.9513755842398248,
                    -0.2999885010694374,
                    0.6926212066818288
                ],
                [
                    0.9761342056840201,
                    -0.12724934501909008,
                    0.17598186465042176,
                    -0.4139816267567727
                ],
                [
                    -0.20559818957175327,
                    -0.28052112559403547,
                    0.9375698814169922,
                    3.032947463110939
                ],
                [
                    0.0,
                    0.0,
                    0.0,
                    1.0
                ]
            ],
            "colmap_im_id": 98
        },
        {
            "file_path": "images/frame_00099.jpg",
            "transform_matrix": [
                [
                    -0.06776779931911237,
                    -0.958749413606342,
                    -0.27605631180058154,
                    0.6978198472988797
                ],
                [
                    0.986827823240316,
                    -0.10515092325566207,
                    0.12293954049556992,
                    -0.5029100369735542
                ],
                [
                    -0.14689578841554485,
                    -0.2640887071572302,
                    0.9532464435274847,
                    3.02691480488116
                ],
                [
                    0.0,
                    0.0,
                    0.0,
                    1.0
                ]
            ],
            "colmap_im_id": 99
        },
        {
            "file_path": "images/frame_00100.jpg",
            "transform_matrix": [
                [
                    -0.0881902757278325,
                    -0.9447779175899976,
                    -0.3156218650558871,
                    0.5879566246243809
                ],
                [
                    0.9862308909248585,
                    -0.1273176742520523,
                    0.10554070119441222,
                    -0.025871099067319776
                ],
                [
                    -0.1398967656974556,
                    -0.301968369630589,
                    0.9429973481882307,
                    2.7036343499216677
                ],
                [
                    0.0,
                    0.0,
                    0.0,
                    1.0
                ]
            ],
            "colmap_im_id": 100
        },
        {
            "file_path": "images/frame_00101.jpg",
            "transform_matrix": [
                [
                    -0.11682665912805186,
                    -0.9191751440732834,
                    -0.3761230998421088,
                    0.48519994849020875
                ],
                [
                    0.9360175298518547,
                    -0.22850433304220022,
                    0.2676881648317152,
                    0.24754667479073234
                ],
                [
                    -0.33199806554709055,
                    -0.32078470084902466,
                    0.8870594456823012,
                    2.4309397348146886
                ],
                [
                    0.0,
                    0.0,
                    0.0,
                    1.0
                ]
            ],
            "colmap_im_id": 101
        },
        {
            "file_path": "images/frame_00102.jpg",
            "transform_matrix": [
                [
                    -0.16328502412152193,
                    -0.9078558842134498,
                    -0.38618090889717643,
                    0.4235006794938322
                ],
                [
                    0.8509618388561044,
                    -0.3276641595942681,
                    0.41048769449036987,
                    0.6415291765975536
                ],
                [
                    -0.4992013118054391,
                    -0.26159872326981504,
                    0.8260533628497203,
                    2.212119949299609
                ],
                [
                    0.0,
                    0.0,
                    0.0,
                    1.0
                ]
            ],
            "colmap_im_id": 102
        },
        {
            "file_path": "images/frame_00103.jpg",
            "transform_matrix": [
                [
                    -0.1646393545817494,
                    -0.8946178612000764,
                    -0.41539471029938,
                    0.3426661131160625
                ],
                [
                    0.8516704285352643,
                    -0.34137294426979564,
                    0.39764556338419055,
                    0.3300820084822474
                ],
                [
                    -0.49754533871946205,
                    -0.2883112820240857,
                    0.8181229984398212,
                    1.8286320152364182
                ],
                [
                    0.0,
                    0.0,
                    0.0,
                    1.0
                ]
            ],
            "colmap_im_id": 103
        },
        {
            "file_path": "images/frame_00104.jpg",
            "transform_matrix": [
                [
                    -0.24160495782641891,
                    -0.8462954433892288,
                    -0.4747747538068162,
                    0.22400220962175227
                ],
                [
                    0.6920402615462986,
                    -0.493247304470163,
                    0.527055379473399,
                    0.1803993036245212
                ],
                [
                    -0.6802259336078159,
                    -0.2012240520701908,
                    0.7048415141830311,
                    1.2174601388307196
                ],
                [
                    0.0,
                    0.0,
                    0.0,
                    1.0
                ]
            ],
            "colmap_im_id": 104
        },
        {
            "file_path": "images/frame_00105.jpg",
            "transform_matrix": [
                [
                    -0.28482475145045166,
                    -0.8181550781101847,
                    -0.49949687598993653,
                    0.10463917582239067
                ],
                [
                    0.6172894733097798,
                    -0.5552034314947163,
                    0.5574072620601801,
                    0.23921697846693707
                ],
                [
                    -0.7333679616005344,
                    -0.1495707786267407,
                    0.6631741966322781,
                    0.7642246684668117
                ],
                [
                    0.0,
                    0.0,
                    0.0,
                    1.0
                ]
            ],
            "colmap_im_id": 105
        },
        {
            "file_path": "images/frame_00106.jpg",
            "transform_matrix": [
                [
                    -0.2631221404261381,
                    -0.7683069687367845,
                    -0.5834990497062196,
                    -0.32091825292626547
                ],
                [
                    0.3272514016655426,
                    -0.6400311215443997,
                    0.6951738513224986,
                    0.775321858197465
                ],
                [
                    -0.9075644656582282,
                    -0.008035250158614731,
                    0.4198358910686212,
                    -0.5733673976756551
                ],
                [
                    0.0,
                    0.0,
                    0.0,
                    1.0
                ]
            ],
            "colmap_im_id": 106
        },
        {
            "file_path": "images/frame_00107.jpg",
            "transform_matrix": [
                [
                    -0.2093960458171789,
                    -0.7733621825286032,
                    -0.5983846844887701,
                    -0.40652784069577724
                ],
                [
                    0.17825047398295896,
                    -0.6318869358660004,
                    0.7542848724498772,
                    1.1337245733017252
                ],
                [
                    -0.9614468599568985,
                    0.051281916076452855,
                    0.270166801370093,
                    -0.8898859895154051
                ],
                [
                    0.0,
                    0.0,
                    0.0,
                    1.0
                ]
            ],
            "colmap_im_id": 107
        },
        {
            "file_path": "images/frame_00108.jpg",
            "transform_matrix": [
                [
                    -0.1864585914440565,
                    -0.7807700784518079,
                    -0.596348286046884,
                    -0.5619319367144755
                ],
                [
                    0.07034461749082349,
                    -0.616045056521784,
                    0.7845636514172332,
                    1.2426489514928172
                ],
                [
                    -0.9799412372518918,
                    0.1043387412681867,
                    0.16978986602209872,
                    -1.2536623008917218
                ],
                [
                    0.0,
                    0.0,
                    0.0,
                    1.0
                ]
            ],
            "colmap_im_id": 108
        },
        {
            "file_path": "images/frame_00109.jpg",
            "transform_matrix": [
                [
                    -0.16707029039091706,
                    -0.7333565973114206,
                    -0.6589959174748427,
                    -0.7742260568396739
                ],
                [
                    -0.13707057941902517,
                    -0.6446229647156192,
                    0.7521122852466763,
                    1.5419366595050352
                ],
                [
                    -0.9763704083627414,
                    0.2159845701457875,
                    0.007175732193451355,
                    -2.2591115156529886
                ],
                [
                    0.0,
                    0.0,
                    0.0,
                    1.0
                ]
            ],
            "colmap_im_id": 109
        },
        {
            "file_path": "images/frame_00110.jpg",
            "transform_matrix": [
                [
                    -0.17358594694160753,
                    -0.7358629406723338,
                    -0.6545025985964078,
                    -1.0176588420859387
                ],
                [
                    -0.27938774008473993,
                    -0.6004905083967546,
                    0.7492353702380502,
                    1.6713708429988772
                ],
                [
                    -0.9443571409772504,
                    0.31291673312635826,
                    -0.10135437047705635,
                    -3.1229691979452645
                ],
                [
                    0.0,
                    0.0,
                    0.0,
                    1.0
                ]
            ],
            "colmap_im_id": 110
        },
        {
            "file_path": "images/frame_00111.jpg",
            "transform_matrix": [
                [
                    -0.15184954108413065,
                    -0.7306727796571552,
                    -0.6656267767605397,
                    -1.2016589974082466
                ],
                [
                    -0.33178837511751114,
                    -0.5966789726178743,
                    0.7306782313525968,
                    1.9301881460869166
                ],
                [
                    -0.9310521956418019,
                    0.3318003808071422,
                    -0.15182330613846776,
                    -3.6405199526882566
                ],
                [
                    0.0,
                    0.0,
                    0.0,
                    1.0
                ]
            ],
            "colmap_im_id": 111
        },
        {
            "file_path": "images/frame_00112.jpg",
            "transform_matrix": [
                [
                    -0.1966830590745471,
                    -0.7647679766758693,
                    -0.6135517224522927,
                    -1.3908770462427626
                ],
                [
                    -0.3828314763341862,
                    -0.5161997221248219,
                    0.7661448346142155,
                    1.8752832527174421
                ],
                [
                    -0.9026382636476614,
                    0.3855746214798811,
                    -0.19124951312299018,
                    -4.299527707133515
                ],
                [
                    0.0,
                    0.0,
                    0.0,
                    1.0
                ]
            ],
            "colmap_im_id": 112
        },
        {
            "file_path": "images/frame_00113.jpg",
            "transform_matrix": [
                [
                    -0.16269334179526931,
                    -0.7339982250702121,
                    -0.6593765859728914,
                    -1.4355095306127048
                ],
                [
                    -0.4321627749699347,
                    -0.5477572297513669,
                    0.7163779401861796,
                    2.142545522181284
                ],
                [
                    -0.8869984286715353,
                    0.40150793622154796,
                    -0.22809025556858042,
                    -4.425603597201725
                ],
                [
                    0.0,
                    0.0,
                    0.0,
                    1.0
                ]
            ],
            "colmap_im_id": 113
        },
        {
            "file_path": "images/frame_00114.jpg",
            "transform_matrix": [
                [
                    -0.13705616655744718,
                    -0.7494062674494277,
                    -0.6477699078500745,
                    -1.5343658577024641
                ],
                [
                    -0.5328132074690815,
                    -0.495509122861476,
                    0.685988917627362,
                    2.0966890289368423
                ],
                [
                    -0.8350602931256438,
                    0.4391593736544483,
                    -0.331380976183525,
                    -4.6630961806812605
                ],
                [
                    0.0,
                    0.0,
                    0.0,
                    1.0
                ]
            ],
            "colmap_im_id": 114
        },
        {
            "file_path": "images/frame_00115.jpg",
            "transform_matrix": [
                [
                    -0.1127159000242315,
                    -0.7837816901935261,
                    -0.6107220218717408,
                    -1.6349302438652735
                ],
                [
                    -0.5363185989907083,
                    -0.4694247775191636,
                    0.7014290688499638,
                    1.9591787441182387
                ],
                [
                    -0.8364553103772914,
                    0.4066037879416071,
                    -0.3674450617074142,
                    -5.175009211383564
                ],
                [
                    0.0,
                    0.0,
                    0.0,
                    1.0
                ]
            ],
            "colmap_im_id": 115
        },
        {
            "file_path": "images/frame_00116.jpg",
            "transform_matrix": [
                [
                    -0.1687168807712066,
                    -0.784894920889309,
                    -0.5962168878059393,
                    -1.689303142361375
                ],
                [
                    -0.2993851348608255,
                    -0.535502691703581,
                    0.7896869051735529,
                    1.5318126907134053
                ],
                [
                    -0.9390969892227312,
                    0.31173198478883263,
                    -0.14463752795320933,
                    -5.58469091181007
                ],
                [
                    0.0,
                    0.0,
                    0.0,
                    1.0
                ]
            ],
            "colmap_im_id": 116
        },
        {
            "file_path": "images/frame_00117.jpg",
            "transform_matrix": [
                [
                    -0.09040739082309378,
                    -0.7736595843049422,
                    -0.627118291311667,
                    -1.5947608218436797
                ],
                [
                    -0.5163521808582899,
                    -0.5020355491883242,
                    0.6937872387656504,
                    1.411721861990527
                ],
                [
                    -0.8515908225242025,
                    0.3865373914180649,
                    -0.3540930894952194,
                    -5.200628076269826
                ],
                [
                    0.0,
                    0.0,
                    0.0,
                    1.0
                ]
            ],
            "colmap_im_id": 117
        },
        {
            "file_path": "images/frame_00118.jpg",
            "transform_matrix": [
                [
                    -0.045976637622114125,
                    -0.7667452065652054,
                    -0.6403030040553026,
                    -1.3208630857771078
                ],
                [
                    -0.6187638599678663,
                    -0.48134973892536503,
                    0.6208330809759971,
                    1.0720864608813634
                ],
                [
                    -0.7842304727506006,
                    0.42474017592613367,
                    -0.45230338111007484,
                    -4.30856811988325
                ],
                [
                    0.0,
                    0.0,
                    0.0,
                    1.0
                ]
            ],
            "colmap_im_id": 118
        },
        {
            "file_path": "images/frame_00119.jpg",
            "transform_matrix": [
                [
                    -0.08231722665564117,
                    -0.7485985176262405,
                    -0.6578937099589255,
                    -1.0450440246692076
                ],
                [
                    -0.5671216228401151,
                    -0.507642964112361,
                    0.6485920797345665,
                    0.42260743283700924
                ],
                [
                    -0.8195101824278438,
                    0.42649604968277394,
                    -0.38275864523491926,
                    -3.4890527787745524
                ],
                [
                    0.0,
                    0.0,
                    0.0,
                    1.0
                ]
            ],
            "colmap_im_id": 119
        },
        {
            "file_path": "images/frame_00120.jpg",
            "transform_matrix": [
                [
                    -0.0938844597622074,
                    -0.6611854919398084,
                    -0.7443248306105825,
                    -0.7043812773931213
                ],
                [
                    -0.7204745867126604,
                    -0.4708499629924029,
                    0.5091332657087666,
                    -1.1923022568088686
                ],
                [
                    -0.6870968476978914,
                    0.5840668263121662,
                    -0.4321618496411435,
                    -3.1373557888669366
                ],
                [
                    0.0,
                    0.0,
                    0.0,
                    1.0
                ]
            ],
            "colmap_im_id": 120
        },
        {
            "file_path": "images/frame_00131.jpg",
            "transform_matrix": [
                [
                    -0.12302412004176265,
                    -0.5270129517705341,
                    -0.8409057108582736,
                    -0.6070042059127754
                ],
                [
                    -0.4363031768058033,
                    -0.7323372285276237,
                    0.522801799558535,
                    -0.6322582770103734
                ],
                [
                    -0.8913498773192902,
                    0.43120706438854617,
                    -0.1398422819618533,
                    -2.9687812039125285
                ],
                [
                    0.0,
                    0.0,
                    0.0,
                    1.0
                ]
            ],
            "colmap_im_id": 131
        },
        {
            "file_path": "images/frame_00132.jpg",
            "transform_matrix": [
                [
                    -0.13156628759532996,
                    -0.5873126134264286,
                    -0.7985951452886508,
                    -0.7416088859768153
                ],
                [
                    -0.29741342100921003,
                    -0.7450999005103829,
                    0.5969685044146095,
                    -0.04064953497695448
                ],
                [
                    -0.9456402957636596,
                    0.3160538440988113,
                    -0.07664462576321314,
                    -2.9243664153831483
                ],
                [
                    0.0,
                    0.0,
                    0.0,
                    1.0
                ]
            ],
            "colmap_im_id": 132
        },
        {
            "file_path": "images/frame_00133.jpg",
            "transform_matrix": [
                [
                    -0.20450200667936613,
                    -0.7831120898860544,
                    -0.5872941204698106,
                    -0.5153943458495645
                ],
                [
                    0.38621626618814314,
                    -0.6158508337503165,
                    0.6867057203058159,
                    0.6086386578715389
                ],
                [
                    -0.8994531255133876,
                    -0.08638984456136085,
                    0.4283933586796858,
                    -1.602078345486166
                ],
                [
                    0.0,
                    0.0,
                    0.0,
                    1.0
                ]
            ],
            "colmap_im_id": 133
        },
        {
            "file_path": "images/frame_00134.jpg",
            "transform_matrix": [
                [
                    -0.1964743582792333,
                    -0.7914374476975611,
                    -0.5788130897973315,
                    -0.365023137375565
                ],
                [
                    0.5610684105241316,
                    -0.5748676635933374,
                    0.5955916453969631,
                    0.5831779146919712
                ],
                [
                    -0.804114460291996,
                    -0.20773525395730918,
                    0.5569973061089293,
                    -1.0307280729216453
                ],
                [
                    0.0,
                    0.0,
                    0.0,
                    1.0
                ]
            ],
            "colmap_im_id": 134
        },
        {
            "file_path": "images/frame_00135.jpg",
            "transform_matrix": [
                [
                    -0.16433088920155836,
                    -0.792811282262308,
                    -0.5868949050484422,
                    -0.18150131323251614
                ],
                [
                    0.58819256284083,
                    -0.556388955453286,
                    0.5869078626738079,
                    0.30927736320877414
                ],
                [
                    -0.7918490183570106,
                    -0.2487601273660958,
                    0.5577575917545564,
                    -0.680378241646419
                ],
                [
                    0.0,
                    0.0,
                    0.0,
                    1.0
                ]
            ],
            "colmap_im_id": 135
        },
        {
            "file_path": "images/frame_00136.jpg",
            "transform_matrix": [
                [
                    -0.10784738644899605,
                    -0.8465140181027343,
                    -0.5213280717472295,
                    -0.004026145131624996
                ],
                [
                    0.914744550155884,
                    -0.2898736087602183,
                    0.28145283602130805,
                    -0.11434029669507147
                ],
                [
                    -0.3893730206321829,
                    -0.44652805970049786,
                    0.8056061957953641,
                    -0.02842994399663426
                ],
                [
                    0.0,
                    0.0,
                    0.0,
                    1.0
                ]
            ],
            "colmap_im_id": 136
        },
        {
            "file_path": "images/frame_00137.jpg",
            "transform_matrix": [
                [
                    -0.09303353496450412,
                    -0.8724859489944155,
                    -0.4797009799649389,
                    0.11729671165259092
                ],
                [
                    0.934007662853469,
                    -0.24338204289371457,
                    0.26152412303243233,
                    -0.31516837913376666
                ],
                [
                    -0.3449267271508677,
                    -0.4237138775213722,
                    0.8375512538900497,
                    0.5875153749112167
                ],
                [
                    0.0,
                    0.0,
                    0.0,
                    1.0
                ]
            ],
            "colmap_im_id": 137
        },
        {
            "file_path": "images/frame_00138.jpg",
            "transform_matrix": [
                [
                    -0.07358199928507538,
                    -0.938324137385673,
                    -0.337836502735634,
                    0.2901506078052453
                ],
                [
                    0.9898771048655441,
                    -0.10994098954168713,
                    0.0897568720578148,
                    -0.959264321223966
                ],
                [
                    -0.12136311896214377,
                    -0.32781212915026114,
                    0.9369152583546458,
                    1.1268181877378307
                ],
                [
                    0.0,
                    0.0,
                    0.0,
                    1.0
                ]
            ],
            "colmap_im_id": 138
        },
        {
            "file_path": "images/frame_00139.jpg",
            "transform_matrix": [
                [
                    -0.03771691513191169,
                    -0.9312017475664813,
                    -0.36254756879899697,
                    0.32875429165547654
                ],
                [
                    0.9992637032185984,
                    -0.037700208929602595,
                    -0.007123599968919194,
                    -1.8259862439230055
                ],
                [
                    -0.007034610350619571,
                    -0.3625493064064468,
                    0.9319380422975657,
                    0.906829524970255
                ],
                [
                    0.0,
                    0.0,
                    0.0,
                    1.0
                ]
            ],
            "colmap_im_id": 139
        },
        {
            "file_path": "images/frame_00141.jpg",
            "transform_matrix": [
                [
                    0.16714024336065886,
                    -0.9174564516978643,
                    -0.3610232655762016,
                    0.5827862194241892
                ],
                [
                    0.6819268193660611,
                    0.37203533206254247,
                    -0.6297344874837342,
                    -3.281743517262275
                ],
                [
                    0.7120673788895453,
                    -0.1409374717208967,
                    0.6878202359528935,
                    1.2475094482334153
                ],
                [
                    0.0,
                    0.0,
                    0.0,
                    1.0
                ]
            ],
            "colmap_im_id": 141
        },
        {
            "file_path": "images/frame_00142.jpg",
            "transform_matrix": [
                [
                    0.1533701136181557,
                    -0.9274540558942701,
                    -0.34103750886672524,
                    0.5177182749084899
                ],
                [
                    0.6530209556954005,
                    0.3541482199228883,
                    -0.6694345895964109,
                    -3.439484985239224
                ],
                [
                    0.7416476519691948,
                    -0.12003338090180263,
                    0.6599626866708929,
                    1.2559080734461288
                ],
                [
                    0.0,
                    0.0,
                    0.0,
                    1.0
                ]
            ],
            "colmap_im_id": 142
        },
        {
            "file_path": "images/frame_00143.jpg",
            "transform_matrix": [
                [
                    -0.24188725388601331,
                    -0.9661947682648891,
                    -0.08920889072867116,
                    1.2671030424793255
                ],
                [
                    0.4807955980862686,
                    -0.19920841918331306,
                    0.853903740820564,
                    1.3764981363677211
                ],
                [
                    -0.8428084890818025,
                    0.16365718897757622,
                    0.5127281689429666,
                    0.7419519881591956
                ],
                [
                    0.0,
                    0.0,
                    0.0,
                    1.0
                ]
            ],
            "colmap_im_id": 143
        },
        {
            "file_path": "images/frame_00144.jpg",
            "transform_matrix": [
                [
                    -0.2522771726969371,
                    -0.9638562457793651,
                    -0.08565842403492883,
                    1.2694142980395562
                ],
                [
                    0.4714530987002827,
                    -0.19973445627556613,
                    0.8589750419553558,
                    1.3635475185754031
                ],
                [
                    -0.8450373979073003,
                    0.17631586556068024,
                    0.5048014576936627,
                    0.7340643055318528
                ],
                [
                    0.0,
                    0.0,
                    0.0,
                    1.0
                ]
            ],
            "colmap_im_id": 144
        },
        {
            "file_path": "images/frame_00145.jpg",
            "transform_matrix": [
                [
                    -0.252126626661372,
                    -0.9638367371140487,
                    -0.08631864409095738,
                    1.265765222135236
                ],
                [
                    0.4713082469226849,
                    -0.20021251178649271,
                    0.858943238233359,
                    1.3656905506939732
                ],
                [
                    -0.8451631206524706,
                    0.1758797723261197,
                    0.5047431081010316,
                    0.736345995337966
                ],
                [
                    0.0,
                    0.0,
                    0.0,
                    1.0
                ]
            ],
            "colmap_im_id": 145
        }
    ],
    "applied_transform": [
        [
            0.0,
            1.0,
            0.0,
            0.0
        ],
        [
            1.0,
            0.0,
            0.0,
            0.0
        ],
        [
            -0.0,
            -0.0,
            -1.0,
            -0.0
        ]
    ]
}